#,Bird,rTL,Tmax.nestling,Tmin.nestling,T35.nestling,T35.nestling.yn,Rainfall.nestling,Tmax.pre,Rainfall.pre,Tvar.nestling,HatchMonth,Sex,ChickAge,BodyMass,BroodSize,HelpersYesNo,NestID,Mother,True.sire,qPCRrun,Cohort
32,14,0.613017738,23.85714286,7.171428571,0,0,0,19.43684211,113,16.68571429,11,F,6,5.2,3,0,130,31,6,14,1996
33,21,0.426832626,24.75,9.05,0,0,0.2,20.2,137.2,15.7,11,F,7,7,3,1,96,4,34,14,1996
34,38,0.795888676,24.7375,8.95,0,0,1.8,24.37368421,79.4,15.7875,12,F,7,7,4,1,128,17,30,16,1996
35,15,0.929866978,23.85714286,7.171428571,0,0,0,19.43684211,113,16.68571429,11,F,6,5.4,3,0,130,31,59,14,1996
36,2,0.854188255,20.8875,7.3625,0,0,0,20.04210526,138.2,13.525,10,M,7,6.3,3,1,106,28,37,14,1996
37,44,0.83667654,26.275,9.7875,0,0,12.4,26.20526316,66,16.4875,12,M,7,7.3,4,1,34,24,5,16,1996
38,43,0.578112237,29.4,12.35,0,0,19.2,24.7,113.8,17.05,12,M,7,7.8,3,1,24,12,18,16,1996
39,37,0.939007992,24.7375,8.95,0,0,1.8,24.37368421,79.4,15.7875,12,M,7,7.5,4,1,128,17,30,16,1996
40,50,0.686754682,31.0875,12.9125,1,1,1,27.39473684,67.2,18.175,1,M,7,8.2,2,0,43,2,3,16,1996
41,22,0.599300131,24.43333333,8.244444444,0,0,0.2,20.2,137.2,16.18888889,11,M,8,7.8,4,1,170,3,35,14,1996
42,23,0.760149713,24.43333333,8.244444444,0,0,0.2,20.2,137.2,16.18888889,11,M,8,7.4,4,1,170,3,41,14,1996
43,40,0.652378742,28.53333333,12.22222222,0,0,2,24.38421053,113.8,16.31111111,12,F,8,7.5,4,0,166,36,4,16,1996
44,35,0.553880953,24.1625,9.9125,0,0,34.4,22.23684211,97.2,14.25,12,M,7,7.4,4,1,86,37,18,14,1996
45,9,0.54934732,18.9,6.642857143,0,0,29.2,20.12631579,155.6,12.25714286,11,F,6,5.3,3,1,41,11,39,14,1996
46,3,0.569059525,19.7,6.5,0,0,42.6,19.72631579,130.8,13.2,11,M,8,8.9,4,0,151,19,53,14,1996
47,10,0.374157543,18.9,6.642857143,0,0,29.2,20.12631579,155.6,12.25714286,11,M,6,5,3,1,41,11,39,14,1996
48,17,0.688811001,22.08888889,6.566666667,0,0,2.8,19.43684211,113,15.52222222,11,F,8,8.1,3,1,57,9,65,14,1996
49,13,0.682101154,21.63333333,6.044444444,0,0,2.8,19.99473684,112.8,15.58888889,11,F,8,8.2,3,0,167,21,9,14,1996
50,33,0.492198747,24.6875,9.6125,0,0,34.4,21.87368421,97.2,15.075,12,M,7,6.8,3,1,155,38,41,15,1996
51,27,0.355206855,24.91111111,9.633333333,0,0,0.2,21.20526316,111.2,15.27777778,11,F,8,7.7,4,0,51,15,45,15,1996
52,28,0.389050201,24.91111111,9.633333333,0,0,0.2,21.20526316,111.2,15.27777778,11,F,8,7.7,4,0,51,15,1,15,1996
53,25,0.650383445,24.775,10.125,0,0,0.2,21.20526316,111.2,14.65,11,M,7,6.6,4,0,12,14,25,15,1996
164,47,0.409096854,26.275,9.7875,0,0,12.4,26.20526316,66,16.4875,12,F,7,6.3,4,1,34,24,139,1,1996
165,46,0.586836558,26.275,9.7875,0,0,12.4,26.20526316,66,16.4875,12,F,7,6.5,4,1,34,24,139,1,1996
181,6,0.752854267,21.01111111,9.266666667,0,0,24.6,19.73684211,113.2,11.74444444,11,F,8,7.6,3,0,82,13,15,15,1996
182,5,0.529965427,21.01111111,9.266666667,0,0,24.6,19.73684211,113.2,11.74444444,11,F,8,7.7,3,0,82,13,15,15,1996
183,1,0.531116386,21.0875,8.275,0,0,34.8,18.47894737,107.2,12.8125,10,F,7,6.6,2,1,134,16,81,15,1996
184,19,0.879665502,23.85714286,7.171428571,0,0,0,19.43684211,113,16.68571429,11,F,6,6.1,1,1,93,34,72,15,1996
186,11,0.740580845,18.94444444,5.555555556,0,0,29.2,20.01578947,155.6,13.38888889,11,M,8,7,4,0,25,7,50,5,1996
187,8,0.473863416,18.9,6.642857143,0,0,29.2,20.12631579,155.6,12.25714286,11,F,6,5.3,3,1,41,11,44,5,1996
188,16,0.695730581,22.08888889,6.566666667,0,0,2.8,19.43684211,113,15.52222222,11,M,8,8.4,3,1,57,9,16,5,1996
189,7,0.674974039,20.5,8.825,0,0,26.6,19.94210526,155.6,11.675,11,F,7,6.9,3,0,114,35,68,5,1996
190,4,0.535483826,19.7,6.5,0,0,42.6,19.72631579,130.8,13.2,11,F,8,9.4,4,0,151,19,53,5,1996
191,12,0.712035311,21.63333333,6.044444444,0,0,2.8,19.99473684,112.8,15.58888889,11,M,8,7.7,3,0,167,21,11,5,1996
192,26,0.650999321,24.775,10.125,0,0,0.2,21.20526316,111.2,14.65,11,M,7,6.7,4,0,12,14,25,5,1996
193,42,0.576525285,29.4,12.35,0,0,19.2,24.7,113.8,17.05,12,M,7,7,3,1,24,12,11,5,1996
194,29,0.472850811,24.775,10.125,0,0,0.2,21.20526316,111.2,14.65,11,M,7,7,4,0,51,15,45,5,1996
195,30,0.714200898,24.775,10.125,0,0,0.2,21.20526316,111.2,14.65,11,F,7,6.5,4,0,51,15,45,5,1996
196,18,0.741041801,22.08888889,6.566666667,0,0,2.8,19.43684211,113,15.52222222,11,F,8,7.2,3,1,57,9,26,5,1996
197,31,0.531747529,24.9625,9.85,0,0,34.6,21.71578947,97.4,15.1125,12,F,7,7.7,4,1,68,1,37,6,1996
198,34,0.710640649,24.1625,9.9125,0,0,34.4,22.23684211,97.2,14.25,12,M,7,6.8,4,1,86,37,56,6,1996
199,36,0.663021478,24.1625,9.9125,0,0,34.4,22.23684211,97.2,14.25,12,M,7,7.1,4,1,86,37,25,6,1996
200,20,0.655805242,24.43333333,8.244444444,0,0,0.2,20.2,137.2,16.18888889,11,F,8,7.5,3,1,96,4,34,6,1996
201,32,0.602497254,24.6875,9.6125,0,0,34.4,21.87368421,97.2,15.075,12,M,7,6.1,3,1,155,38,41,6,1996
202,41,0.553662271,28.53333333,12.22222222,0,0,2,24.38421053,113.8,16.31111111,12,F,8,8.6,4,0,166,36,19,6,1996
203,39,0.354553975,28.53333333,12.22222222,0,0,2,24.38421053,113.8,16.31111111,12,M,8,8.9,4,0,166,36,4,6,1996
204,24,0.553497485,24.43333333,8.244444444,0,0,0.2,20.2,137.2,16.18888889,11,F,8,7.5,4,1,170,3,41,6,1996
206,49,0.658526256,27.3125,10.9125,0,0,0.8,24.32631579,73.4,16.4,1,F,7,7.1,3,0,31,5,8,6,1996
207,45,0.602091123,26.275,9.7875,0,0,12.4,26.20526316,66,16.4875,12,M,7,6.5,4,1,34,24,40,6,1996
208,48,0.724641002,26.3375,10.225,0,0,39.2,26.48947368,85,16.1125,1,M,7,5,3,0,38,23,71,6,1996
54,66,0.413234304,24.01111111,9.144444444,0,0,4.8,25.06315789,25.4,14.86666667,11,M,8,8.6,3,1,131,31,6,14,1997
55,89,0.57813054,28.48571429,12.4,0,0,0.8,28.28947368,18,16.08571429,11,M,6,4.7,4,1,6,43,82,14,1997
56,75,0.926270194,24.875,8.4375,0,0,1,24.14210526,25,16.4375,11,M,7,6.9,3,0,46,40,51,14,1997
57,74,0.605934815,23.5375,9.2125,0,0,4.8,24.93684211,25.4,14.325,11,M,7,7,2,0,118,59,52,14,1997
58,78,0.827421974,25.32857143,8.271428571,0,0,0,24.14210526,25,17.05714286,11,M,6,5.8,3,1,87,37,32,14,1997
59,70,0.485701038,23.5375,9.2125,0,0,4.8,24.93684211,25.4,14.325,11,M,7,6.9,3,1,110,42,20,14,1997
60,71,0.553629601,23.5375,9.2125,0,0,4.8,24.93684211,25.4,14.325,11,M,7,7.2,3,1,81,50,17,14,1997
61,88,0.555697261,29.2375,12.7375,0,0,0.8,28.28947368,18,16.5,11,F,7,6.6,3,0,140,47,84,14,1997
62,94,0.663160278,28.94444444,13.5,0,0,0.8,28.53157895,17.6,15.44444444,11,M,8,8.3,4,0,89,25,56,14,1997
63,98,1.004913114,28.025,13.15,0,0,9.6,30.67368421,20,14.875,12,M,7,8,4,1,101,18,27,14,1997
64,55,0.527887955,22.725,9.2125,0,0,8.2,22.52105263,43,13.5125,10,F,7,6.3,2,1,69,20,42,14,1997
65,90,0.79325251,28.48571429,12.4,0,0,0.8,28.28947368,18,16.08571429,11,M,6,5.3,4,1,6,43,1,14,1997
66,106,0.599252483,31.8375,14.425,1,1,0,29.3,21.4,17.4125,12,M,7,5.7,3,1,10,54,49,14,1997
67,73,0.412913101,23.5375,9.2125,0,0,4.8,24.93684211,25.4,14.325,11,F,7,6.8,3,1,81,50,12,15,1997
68,103,0.569465516,29.9,13.25,1,1,1.4,29.26842105,20,16.65,12,F,7,7.3,3,0,9,8,74,15,1997
69,56,0.587472591,22.725,9.2125,0,0,8.2,22.52105263,43,13.5125,10,M,7,7.6,2,1,69,20,42,15,1997
70,80,0.724906652,28.65,9.1,1,1,0,23.69473684,28.2,19.55,11,M,7,6.6,3,1,97,46,8,15,1997
71,83,0.932390777,28.65,9.1,1,1,0,23.69473684,28.2,19.55,11,M,7,7.6,2,0,94,48,58,15,1997
72,93,0.636819999,28.94444444,13.5,0,0,0.8,28.53157895,17.6,15.44444444,11,F,8,7.8,4,0,89,25,33,15,1997
73,86,0.654916896,32.37777778,13.4,3,1,2.4,27.03684211,29.6,18.97777778,11,M,8,7.5,3,0,52,15,1,16,1997
74,57,0.738216584,24.67142857,8.428571429,0,0,0,22.75789474,43,16.24285714,11,M,6,6.7,3,1,35,29,2,16,1997
75,108,0.520135036,30.3375,14.95,2,1,6.8,30.35263158,21.6,15.3875,12,M,7,7.7,2,1,59,10,13,16,1997
76,81,0.874794562,28.65,9.1,1,1,0,23.69473684,28.2,19.55,11,M,7,6.5,3,1,97,46,60,16,1997
77,64,0.574443753,24.75,11.4375,0,0,9.4,25.06315789,31.8,13.3125,11,M,7,6.4,3,0,113,27,70,16,1997
78,107,0.436103732,30.3375,14.95,2,1,6.8,30.35263158,21.6,15.3875,12,F,7,6.7,3,1,104,33,29,16,1997
79,65,0.573270648,24.53333333,10.28888889,0,0,9.4,25.18947368,27,14.24444444,11,M,8,8.7,4,1,173,26,35,16,1997
80,96,0.455069985,28.78888889,13.92222222,0,0,7.4,30.13684211,19.2,14.86666667,12,F,8,6.9,3,0,129,62,63,16,1997
137,62,0.639318276,25.25,11.6,0,0,9.4,24.68421053,43,13.65,11,M,7,6.9,3,0,136,58,140,16,1997
140,58,0.644142794,24.9,9.2375,0,0,4.6,22.74736842,43,15.6625,11,F,7,7,3,1,180,60,138,16,1997
143,59,0.961462026,24.9,9.2375,0,0,4.6,22.74736842,43,15.6625,11,M,7,7.5,3,1,180,60,138,16,1997
144,61,1.034034382,25.25,11.6,0,0,9.4,24.68421053,43,13.65,11,F,7,6.4,3,0,136,58,140,16,1997
146,53,0.695503691,25.68888889,5.711111111,0,0,0,18.24210526,97.6,19.97777778,10,F,8,8.3,3,1,26,7,11,16,1997
149,102,0.738739062,30.0875,12.8875,1,1,2.4,30.03157895,20,17.2,12,F,7,6.7,3,0,45,52,86,1,1997
156,100,0.525783273,30.0875,12.8875,1,1,2.4,30.03157895,20,17.2,12,M,7,6.4,3,0,45,52,86,1,1997
157,63,0.634414748,25.25,11.6,0,0,9.4,24.68421053,43,13.65,11,M,7,7.5,3,0,136,58,140,1,1997
158,85,0.851925084,31.85,13.7875,2,1,2.4,27.03684211,29.6,18.0625,11,M,7,7.6,3,1,27,7,11,1,1997
160,60,0.868303276,24.9,9.2375,0,0,4.6,22.74736842,43,15.6625,11,F,7,7.6,3,1,180,60,138,1,1997
205,52,0.854120452,25.68888889,5.711111111,0,0,0,18.24210526,97.6,19.97777778,10,M,8,7.7,3,1,26,7,50,6,1997
209,51,0.721426568,24.94444444,4.811111111,0,0,0,17.93157895,99,20.13333333,10,F,8,8,3,1,58,10,13,5,1997
210,54,0.503548038,24.55,10.0625,0,0,8.2,21.39473684,47.2,14.4875,10,F,7,6.9,2,1,79,32,10,5,1997
211,92,0.652581726,28.48571429,12.4,0,0,0.8,28.28947368,18,16.08571429,11,M,6,5.5,4,1,6,43,5,5,1997
212,91,0.766956017,28.48571429,12.4,0,0,0.8,28.28947368,18,16.08571429,11,M,6,4.9,4,1,6,43,5,5,1997
213,76,0.860459709,24.875,8.4375,0,0,1,24.14210526,25,16.4375,11,M,7,6.3,3,0,46,40,51,5,1997
214,77,0.70138087,24.875,8.4375,0,0,1,24.14210526,25,16.4375,11,F,7,6.1,3,0,46,40,14,5,1997
215,79,0.875624801,27.51428571,8.928571429,0,0,0,23.93157895,23.6,18.58571429,11,M,6,5.5,2,1,71,57,76,5,1997
216,72,0.531727124,23.5375,9.2125,0,0,4.8,24.93684211,25.4,14.325,11,F,7,7.9,3,1,81,50,12,5,1997
217,84,1.095350889,28.65,9.1,1,1,0,23.69473684,28.2,19.55,11,M,7,7.3,2,0,94,48,59,5,1997
218,82,0.746782711,28.65,9.1,1,1,0,23.69473684,28.2,19.55,11,F,7,6.1,3,1,97,46,8,5,1997
219,69,0.409733668,23.5375,9.2125,0,0,4.8,24.93684211,25.4,14.325,11,F,7,6.8,3,1,110,42,20,5,1997
220,67,0.534618316,23.8125,8.725,0,0,4.8,25.06315789,25.4,15.0875,11,F,7,6,3,0,119,39,27,5,1997
221,68,0.376468463,23.8125,8.725,0,0,4.8,25.06315789,25.4,15.0875,11,F,7,6,3,0,119,39,27,5,1997
222,87,0.461640519,29.2375,12.7375,0,0,0.8,28.28947368,18,16.5,11,M,7,6,3,0,140,47,84,6,1997
223,104,0.662886347,31.8375,14.425,1,1,0,29.3,21.4,17.4125,12,M,7,7,3,1,10,54,49,6,1997
224,105,0.597182354,31.8375,14.425,1,1,0,29.3,21.4,17.4125,12,M,7,7.4,3,1,10,54,49,6,1997
225,97,0.848944497,28.025,13.15,0,0,9.6,30.67368421,20,14.875,12,F,7,7.6,4,1,101,18,31,6,1997
226,99,0.988537078,29.22857143,13.5,0,0,2.4,30.60526316,20,15.72857143,12,M,6,4.3,4,1,132,30,67,6,1997
300,101,0.541298244,30.0875,12.8875,1,1,2.4,30.03157895,20,17.2,12,F,7,6.4,3,0,45,52,39,8,1997
301,95,0.653904656,28.78888889,13.92222222,0,0,7.4,30.13684211,19.2,14.86666667,12,F,8,7.1,3,0,129,62,63,8,1997
1,110,0.56466308,17.4375,4.3375,0,0,3.4,17.88421053,94.6,13.1,10,M,7,7.4,3,0,98,45,22,10,1998
2,111,0.472159326,19.625,7.7875,0,0,3.2,21.06315789,85.6,11.8375,11,M,7,6.8,2,1,7,44,47,10,1998
3,109,0.541153796,18.6625,5.6875,0,0,19,18.41578947,88.4,12.975,10,M,7,6.5,3,0,17,56,53,11,1998
153,114,0.457546575,25.17777778,13.86666667,0,0,23.2,28.26842105,45,11.31111111,1,M,8,9,3,1,42,63,24,15,1998
161,112,0.769796692,31.6875,14.0625,2,1,11.2,28.16315789,60.4,17.625,12,F,7,7.5,4,0,73,49,144,16,1998
227,113,0.499126849,25.17777778,13.86666667,0,0,23.2,28.26842105,45,11.31111111,1,F,8,7.7,3,1,42,63,90,5,1998
4,126,0.368281925,19.1,7.1375,0,0,20.8,20.17368421,123.8,11.9625,11,M,7,7.8,3,1,85,80,90,10,1999
5,119,0.740125694,19.7375,7.1375,0,0,0.6,19.68421053,149,12.6,10,M,7,6.8,2,1,111,42,17,10,1999
6,127,0.527776667,19.1,7.1375,0,0,20.8,20.17368421,123.8,11.9625,11,F,7,6.8,3,1,85,80,48,10,1999
7,125,0.409174132,19.1,7.1375,0,0,20.8,20.17368421,123.8,11.9625,11,M,7,6.4,3,1,85,80,90,10,1999
8,172,0.855085584,23.0625,11.275,0,0,35.4,25.08421053,139.4,11.7875,1,F,7,7.6,3,0,177,96,121,10,1999
9,145,0.502170219,23.225,9.525,0,0,14.2,26.73157895,80,13.7,12,F,7,6.4,3,1,72,57,23,10,1999
10,117,0.636294856,17.05,6.125,0,0,40.6,19.80526316,133.6,10.925,10,F,7,7.3,3,0,146,6,88,10,1999
11,120,0.670231594,19.12222222,5.766666667,0,0,19.2,19.03157895,157.6,13.35555556,11,M,8,8.1,2,0,156,69,57,10,1999
12,163,0.849455189,27.3125,12,1,1,0.2,22.33157895,140.6,15.3125,1,F,7,5.3,4,1,120,22,13,11,1999
13,165,0.788105464,26.27777778,10.68888889,1,1,0,23.86315789,139.8,15.58888889,1,M,8,6.6,4,0,147,70,62,11,1999
14,122,0.480131976,20.12222222,5.488888889,0,0,15.2,19.15789474,119.8,14.63333333,11,M,8,8.3,4,0,53,79,13,10,1999
15,166,0.544477548,26.27777778,10.68888889,1,1,0,23.86315789,139.8,15.58888889,1,M,8,8,4,0,147,70,62,11,1999
16,141,0.661252073,23.4625,9.6875,0,0,7,26.4,47.4,13.775,12,M,7,6,1,1,175,85,101,11,1999
17,147,0.478524035,23.225,9.525,0,0,14.2,26.73157895,80,13.7,12,M,7,7.7,4,1,80,32,79,11,1999
18,124,0.598742302,20.24285714,6.342857143,0,0,5,19.51052632,119.2,13.9,11,F,6,4.8,3,0,63,68,31,11,1999
19,168,0.828581815,25.5,10.025,1,1,0,24.25263158,139.8,15.475,1,F,7,7.1,3,0,78,74,92,11,1999
20,174,0.915138627,29.67142857,12.38571429,0,0,0,28.15263158,116.6,17.28571429,1,M,6,5.4,3,0,36,29,64,11,1999
21,156,0.61942008,20.72857143,11.77142857,0,0,87.4,24.63157895,80.4,8.957142857,12,M,6,5.2,3,1,40,23,91,11,1999
22,157,0.926756298,20.72857143,11.77142857,0,0,87.4,24.63157895,80.4,8.957142857,12,M,6,5.7,3,1,40,23,43,11,1999
23,116,0.627497305,20.0375,7,0,0,35.6,19.35263158,150.2,13.0375,10,M,7,7.9,3,1,141,47,12,11,1999
24,154,1.157153875,21.5875,12.025,0,0,94.6,24.91052632,79.4,9.5625,12,F,7,7.6,4,0,54,79,13,11,1999
25,169,0.751463767,25.5,10.025,1,1,0,24.25263158,139.8,15.475,1,M,7,7.2,3,0,78,74,92,11,1999
26,132,0.716510986,24.6875,8.25,0,0,1,19.75263158,78.8,16.4375,11,M,7,6.1,3,0,60,81,105,11,1999
27,170,0.81447731,25.5,10.025,1,1,0,24.25263158,139.8,15.475,1,M,7,7.7,3,0,78,74,93,11,1999
28,133,0.617889484,24.6875,8.25,0,0,1,19.75263158,78.8,16.4375,11,F,7,7.2,4,1,135,65,7,11,1999
29,115,0.439546537,20.08888889,7.577777778,0,0,34.8,17.99473684,88,12.51111111,10,M,8,7.1,3,0,124,67,65,11,1999
30,129,0.644075058,21.02222222,7.255555556,0,0,16.8,19.48947368,125.4,13.76666667,11,M,8,8.5,4,1,39,23,43,11,1999
31,171,0.952771815,23.0125,9.9375,0,0,34.8,25.43157895,140,13.075,1,M,7,7.5,2,1,174,73,16,11,1999
171,140,0.519737992,25.475,11.7375,0,0,37.4,24.94736842,82.6,13.7375,12,F,7,7.1,2,1,18,55,141,1,1999
177,167,0.728368991,26.27777778,10.68888889,1,1,0,23.86315789,139.8,15.58888889,1,F,8,7.6,4,0,147,70,145,2,1999
178,143,0.758893932,23.0875,9.5,0,0,7,26.75263158,65.6,13.5875,12,M,7,7.2,3,0,14,76,135,1,1999
179,142,0.624084292,23.0875,9.5,0,0,7,26.75263158,65.6,13.5875,12,F,7,7.2,3,0,14,76,135,1,1999
180,164,1.082954589,26.27777778,10.68888889,1,1,0,23.86315789,139.8,15.58888889,1,M,8,8.4,2,0,74,49,148,2,1999
185,151,0.991563335,23.25714286,8.785714286,0,0,13.2,26.73157895,80,14.47142857,12,F,6,5.3,3,0,178,64,21,1,1999
228,130,0.647475777,21.02222222,7.255555556,0,0,16.8,19.48947368,125.4,13.76666667,11,F,8,7.9,4,1,39,23,85,5,1999
229,128,0.786166873,21.02222222,7.255555556,0,0,16.8,19.48947368,125.4,13.76666667,11,F,8,8,4,1,39,23,43,5,1999
230,123,0.643859431,20.24285714,6.342857143,0,0,5,19.51052632,119.2,13.9,11,F,6,5,3,0,63,68,84,5,1999
231,137,0.482266857,26.04444444,12.24444444,0,0,37.4,24.18947368,82.6,13.8,12,F,8,7.7,4,1,90,25,28,5,1999
232,139,0.34460081,26.04444444,12.24444444,0,0,37.4,24.18947368,82.6,13.8,12,M,8,7.3,4,1,90,25,46,5,1999
233,138,0.350902422,26.04444444,12.24444444,0,0,37.4,24.18947368,82.6,13.8,12,F,8,7.4,4,1,90,25,28,5,1999
234,118,0.638859817,19.7375,7.1375,0,0,0.6,19.68421053,149,12.6,10,M,7,5.8,2,1,111,42,36,5,1999
235,135,0.653616981,24.6875,8.25,0,0,1,19.75263158,78.8,16.4375,11,M,7,6.1,4,1,135,65,7,5,1999
236,136,0.551053256,24.6875,8.25,0,0,1,19.75263158,78.8,16.4375,11,M,7,6.3,4,1,135,65,7,6,1999
237,134,0.591376097,24.6875,8.25,0,0,1,19.75263158,78.8,16.4375,11,F,7,5.9,4,1,135,65,7,6,1999
238,121,0.610952123,19.04285714,5.571428571,0,0,19.2,19.00526316,157.6,13.47142857,11,F,6,5,3,0,176,96,121,6,1999
239,155,0.895035837,21.5875,12.025,0,0,94.6,24.91052632,79.4,9.5625,12,M,7,7.9,4,0,54,79,13,6,1999
240,146,0.592017417,23.225,9.525,0,0,14.2,26.73157895,80,13.7,12,M,7,6.7,3,1,72,57,75,6,1999
241,148,0.48650416,23.225,9.525,0,0,14.2,26.73157895,80,13.7,12,F,7,7.2,4,1,80,32,79,6,1999
242,149,0.890706398,23.225,9.525,0,0,14.2,26.73157895,80,13.7,12,F,7,6.1,4,1,80,32,79,6,1999
243,160,0.499551519,23.3,10.6,0,0,0.2,22.29473684,81,12.7,1,F,7,6.9,4,1,116,53,52,6,1999
244,161,0.518541599,23.3,10.6,0,0,0.2,22.29473684,81,12.7,1,F,7,6.7,4,1,116,53,52,6,1999
245,162,0.922577595,23.3,10.6,0,0,0.2,22.29473684,81,12.7,1,F,7,6.5,4,1,116,53,52,6,1999
246,152,0.602883333,22.3125,9.5,0,0,19.8,26.18421053,80,12.8125,12,M,7,7,4,0,125,67,65,7,1999
247,153,0.410974047,22.3125,9.5,0,0,19.8,26.18421053,80,12.8125,12,M,7,7.5,4,0,125,67,78,7,1999
248,159,1.146075963,23.0375,9.3125,0,0,0.4,22.63684211,67.2,13.725,12,F,7,7,4,1,133,30,23,7,1999
249,173,0.786328576,23.0625,11.275,0,0,35.4,25.08421053,139.4,11.7875,1,M,7,7,3,0,177,96,121,7,1999
302,158,0.764995768,23.0375,9.3125,0,0,0.4,22.63684211,67.2,13.725,12,M,7,6,4,1,133,30,23,8,1999
303,131,0.578553349,24.6875,8.25,0,0,1,19.75263158,78.8,16.4375,11,M,7,4.5,3,0,60,81,105,8,1999
304,144,0.826305187,23.0875,9.5,0,0,7,26.75263158,65.6,13.5875,12,F,7,5.5,3,0,14,76,69,8,1999
305,150,1.168535088,23.25714286,8.785714286,0,0,13.2,26.73157895,80,14.47142857,12,M,6,6.5,3,0,178,64,21,8,1999
81,195,0.449677162,24.34285714,11.94285714,0,0,36.4,19.8,107.4,12.4,11,F,6,4.7,3,0,2,75,98,2,2000
82,189,0.505318849,19.625,12.9625,0,0,45,19.61578947,139.6,6.6625,11,M,7,5.8,3,0,109,97,110,12,2000
83,190,0.806118837,19.625,12.9625,0,0,45,19.61578947,139.6,6.6625,11,M,7,5.8,3,0,109,97,110,12,2000
84,223,1.14753745,29.8125,13.475,1,1,2.4,27.28421053,152.2,16.3375,12,M,7,7.5,3,0,105,92,119,12,2000
85,176,0.782783826,17,6.875,0,0,44.2,19.17894737,108.2,10.125,10,F,7,6.2,3,0,148,70,62,12,2000
86,256,0.798982465,28.98571429,12.17142857,1,1,5.8,29.67894737,76.4,16.81428571,1,M,6,7.2,3,1,37,29,36,13,2000
87,194,0.292437156,22.1,12.2375,0,0,47,19.33157895,155,9.8625,11,F,7,6.7,3,0,107,111,112,2,2000
88,236,0.840892043,27.85,9.3,0,0,0,29.10526316,116.4,18.55,12,M,7,6.3,4,0,142,77,17,13,2000
89,235,0.762154221,27.25,8.7,0,0,0,29.23684211,126.4,18.55,12,M,7,7.1,3,0,84,71,38,13,2000
90,211,0.71196586,28.21428571,13.34285714,0,0,0.6,26.07368421,177.2,14.87142857,12,M,6,6.2,4,0,102,78,80,2,2000
91,234,0.387709544,27.25,8.7,0,0,0,29.23684211,126.4,18.55,12,F,7,7.8,3,0,84,71,109,13,2000
92,242,0.933279081,30.475,10.8875,1,1,0,28.95789474,113.2,19.5875,12,M,7,6.7,3,0,117,99,94,13,2000
93,180,0.664315862,17.12857143,6.528571429,0,0,40,18.77894737,95.8,10.6,10,M,6,4.8,3,1,44,51,55,12,2000
94,231,0.892941533,31.0375,13.925,1,1,2.2,27.03684211,146.4,17.1125,12,F,7,7.1,2,1,29,109,116,12,2000
95,179,0.690712998,17.12857143,6.528571429,0,0,40,18.77894737,95.8,10.6,10,F,6,4.2,3,1,44,51,55,2,2000
96,205,0.529331191,27.675,11.575,0,0,10.2,25.09473684,159.8,16.1,12,F,7,7.7,1,0,32,102,122,13,2000
97,197,0.851322215,24.375,12.3,0,0,42.4,19.8,107.4,12.075,11,M,7,6.9,2,1,28,109,43,13,2000
98,262,0.932233838,33.0125,15.6875,4,1,13.2,30.21578947,37.6,17.325,1,M,7,7.2,3,0,100,108,106,13,2000
99,243,0.341073702,30.475,10.8875,1,1,0,28.95789474,113.2,19.5875,12,M,7,7.1,3,0,117,99,94,13,2000
100,207,0.569643017,28.0875,12.6375,0,0,10.6,25.85789474,159.8,15.45,12,F,7,7.2,3,0,169,84,73,13,2000
101,200,0.50404184,27.72857143,14.31428571,0,0,4.8,20.96315789,130.8,13.41428571,11,F,6,5,3,0,144,6,54,13,2000
102,260,1.071828589,30.7125,15.1375,2,1,0.4,28.96315789,31.8,15.575,1,M,7,6.9,2,0,161,101,122,13,2000
103,193,0.349073955,21.2875,12.525,0,0,47,19.43684211,155.2,8.7625,11,M,7,7.3,3,0,1,110,111,13,2000
104,250,0.756664638,29.3875,12.6125,1,1,5.8,29.53684211,78.8,16.775,1,M,7,6.2,4,0,163,82,39,13,2000
105,215,0.632915869,28.21428571,13.34285714,0,0,0.6,26.07368421,177.2,14.87142857,12,M,6,7,4,0,157,69,57,13,2000
106,265,0.670162496,34.45,17.95,4,1,34,30.43684211,18.8,16.5,1,M,7,7.1,3,0,13,93,87,13,2000
107,267,0.891735566,34.45,17.95,4,1,34,30.43684211,18.8,16.5,1,M,7,7,3,0,13,93,85,13,2000
108,246,0.534294303,30.6125,12.3875,1,1,4.8,28.28421053,113.2,18.225,12,M,7,9,3,1,168,83,106,13,2000
109,247,0.91662377,30.7,13.64285714,1,1,5.8,28.52105263,112.8,17.05714286,1,M,6,5.4,4,0,92,41,39,12,2000
110,249,0.503395071,29.7125,13.1375,1,1,5.8,28.85789474,85.6,16.575,1,M,7,7.5,3,1,126,67,115,4,2000
111,259,1.002058149,30.42222222,13.41111111,2,1,5.8,29.12631579,67.8,17.01111111,1,M,8,8.5,3,0,154,94,31,13,2000
112,202,0.656642179,27.33333333,11.08888889,0,0,10.2,25.09473684,159.8,16.24444444,12,M,8,8.3,4,1,138,89,64,13,2000
113,210,0.500689817,28.24444444,12.38888889,0,0,10.6,25.85789474,159.8,15.85555556,12,M,8,7.7,3,0,11,61,54,13,2000
114,220,0.54306017,28,12.9375,0,0,0.6,26.07368421,177.2,15.0625,12,M,7,6.5,3,0,150,90,118,13,2000
115,184,0.629063521,19.7875,8.475,0,0,35,18.48421053,119.6,11.3125,11,M,7,7.8,3,0,83,71,124,13,2000
166,226,0.715368498,31.51428571,13.17142857,1,1,2.2,27.1,146.4,18.34285714,12,M,6,5.3,3,0,75,49,146,3,2000
167,224,0.837732524,31.51428571,13.17142857,1,1,2.2,27.1,146.4,18.34285714,12,M,6,4.9,3,0,75,49,146,3,2000
168,225,0.756872395,31.51428571,13.17142857,1,1,2.2,27.1,146.4,18.34285714,12,M,6,6.2,3,0,75,49,146,3,2000
169,188,0.70357667,19.425,10.5875,0,0,36.8,19.41052632,121.2,8.8375,11,M,7,6.6,3,0,61,81,114,3,2000
170,187,0.748824672,19.425,10.5875,0,0,36.8,19.41052632,121.2,8.8375,11,F,7,6.6,3,0,61,81,114,3,2000
172,216,0.58557157,28.21428571,13.34285714,0,0,0.6,26.07368421,177.2,14.87142857,12,F,6,6.1,4,0,15,76,147,3,2000
173,218,0.843596087,28.21428571,13.34285714,0,0,0.6,26.07368421,177.2,14.87142857,12,F,6,7.2,4,0,15,76,135,3,2000
174,227,0.540571081,30.925,13.325,1,1,2.2,27.1,146.4,17.6,12,M,7,5.2,2,0,158,112,149,3,2000
175,228,0.733862572,30.925,13.325,1,1,2.2,27.1,146.4,17.6,12,M,7,6.3,2,0,158,112,149,3,2000
176,217,0.517541097,28.21428571,13.34285714,0,0,0.6,26.07368421,177.2,14.87142857,12,F,6,5.1,4,0,15,76,147,3,2000
250,192,0.440872242,21.2875,12.525,0,0,47,19.43684211,155.2,8.7625,11,F,7,7,3,0,1,110,111,7,2000
251,178,0.836033557,17.12857143,6.528571429,0,0,40,18.77894737,95.8,10.6,10,F,6,4.5,3,1,44,51,77,7,2000
252,186,0.638999036,19.425,10.5875,0,0,36.8,19.41052632,121.2,8.8375,11,F,7,6.1,3,0,61,81,110,7,2000
253,183,0.839195936,19.7875,8.475,0,0,35,18.48421053,119.6,11.3125,11,M,7,7.3,3,0,83,71,124,7,2000
254,191,0.5236762,19.625,12.9625,0,0,45,19.61578947,139.6,6.6625,11,F,7,6.7,4,1,108,72,100,7,2000
255,175,0.559723495,17,6.875,0,0,44.2,19.17894737,108.2,10.125,10,M,7,6.9,3,0,148,70,62,7,2000
256,177,0.687953713,17,6.875,0,0,44.2,19.17894737,108.2,10.125,10,F,7,7,3,0,148,70,62,7,2000
257,238,0.72989678,27.85,9.3,0,0,0,29.10526316,116.4,18.55,12,M,7,3.7,3,0,3,75,93,7,2000
258,239,0.732775708,27.85,9.3,0,0,0,29.10526316,116.4,18.55,12,M,7,7.7,3,0,3,75,98,7,2000
259,209,0.259237735,28.24444444,12.38888889,0,0,10.6,25.85789474,159.8,15.85555556,12,M,8,7.7,3,0,11,61,54,7,2000
260,208,0.895579551,28.24444444,12.38888889,0,0,10.6,25.85789474,159.8,15.85555556,12,F,8,8.2,3,0,11,61,96,7,2000
261,254,0.901748017,28.98571429,12.17142857,1,1,5.8,29.67894737,76.4,16.81428571,1,M,6,4.9,3,1,37,29,123,7,2000
262,233,0.556289148,27.25,8.7,0,0,0,29.23684211,126.4,18.55,12,F,7,7,3,0,84,71,124,7,2000
263,213,1.016451054,28.21428571,13.34285714,0,0,0.6,26.07368421,177.2,14.87142857,12,M,6,4.7,4,0,102,78,80,7,2000
264,212,0.685327834,28.21428571,13.34285714,0,0,0.6,26.07368421,177.2,14.87142857,12,M,6,6.3,4,0,102,78,80,7,2000
265,221,0.705532493,29.8125,13.475,1,1,2.4,27.28421053,152.2,16.3375,12,M,7,8,3,0,105,92,66,7,2000
266,222,0.490755154,29.8125,13.475,1,1,2.4,27.28421053,152.2,16.3375,12,F,7,7,3,0,105,92,66,7,2000
267,204,0.727109333,27.33333333,11.08888889,0,0,10.2,25.09473684,159.8,16.24444444,12,F,8,8,4,1,138,89,64,7,2000
268,203,0.786882956,27.33333333,11.08888889,0,0,10.2,25.09473684,159.8,16.24444444,12,F,8,8,4,1,138,89,64,7,2000
269,237,0.827641355,27.85,9.3,0,0,0,29.10526316,116.4,18.55,12,F,7,7.2,4,0,142,77,104,7,2000
270,240,0.738871229,27.85,9.3,0,0,0,29.10526316,116.4,18.55,12,M,7,8.3,4,0,145,6,103,7,2000
271,241,0.475848481,27.85,9.3,0,0,0,29.10526316,116.4,18.55,12,F,7,7.8,4,0,145,6,54,7,2000
272,219,0.799890394,28,12.9375,0,0,0.6,26.07368421,177.2,15.0625,12,F,7,7.2,3,0,150,90,77,7,2000
273,214,0.399333894,28.21428571,13.34285714,0,0,0.6,26.07368421,177.2,14.87142857,12,F,6,6,4,0,157,69,57,7,2000
274,232,0.851632731,30.6,13.97777778,1,1,2.2,26.95789474,146.4,16.62222222,12,M,8,8.7,3,0,160,103,104,8,2000
275,251,0.532550997,29.3875,12.6125,1,1,5.8,29.53684211,78.8,16.775,1,F,7,5.6,4,0,163,82,39,8,2000
276,245,0.365482207,30.6125,12.3875,1,1,4.8,28.28421053,113.2,18.225,12,M,7,8,3,1,168,83,92,8,2000
277,244,0.839846977,30.6125,12.3875,1,1,4.8,28.28421053,113.2,18.225,12,F,7,8,3,1,168,83,92,8,2000
278,266,0.869609808,34.45,17.95,4,1,34,30.43684211,18.8,16.5,1,M,7,7.5,3,0,13,93,87,8,2000
284,263,0.73180445,33.0125,15.6875,4,1,13.2,30.21578947,37.6,17.325,1,F,7,7.4,3,0,100,108,95,8,2000
285,261,0.628750919,33.0125,15.6875,4,1,13.2,30.21578947,37.6,17.325,1,F,7,8.2,3,0,100,108,95,8,2000
286,264,0.940565625,33.92222222,17.58888889,4,1,34,30.43684211,18.8,16.33333333,1,M,8,9.5,3,1,139,89,95,8,2000
287,257,0.998377554,30.42222222,13.41111111,2,1,5.8,29.12631579,67.8,17.01111111,1,M,8,8,3,0,154,94,31,8,2000
288,258,0.550759271,30.42222222,13.41111111,2,1,5.8,29.12631579,67.8,17.01111111,1,F,8,8.1,3,0,154,94,31,8,2000
306,196,0.838403226,24.34285714,11.94285714,0,0,36.4,19.8,107.4,12.4,11,F,6,4.4,3,0,2,75,113,8,2000
307,198,0.369694965,27.72857143,14.31428571,0,0,4.8,20.96315789,130.8,13.41428571,11,F,6,5.8,3,0,144,6,54,8,2000
308,199,0.548727393,27.72857143,14.31428571,0,0,4.8,20.96315789,130.8,13.41428571,11,F,6,5.2,3,0,144,6,54,8,2000
309,185,0.631418829,19.75555556,8.722222222,0,0,36,18.48421053,119.6,11.03333333,10,M,8,7.1,2,1,179,64,21,8,2000
310,230,0.619162855,31.0375,13.925,1,1,2.2,27.03684211,146.4,17.1125,12,F,7,7.2,2,1,29,109,116,8,2000
311,255,0.929910146,28.98571429,12.17142857,1,1,5.8,29.67894737,76.4,16.81428571,1,F,6,5.7,3,1,37,29,36,8,2000
312,229,0.489740156,30.925,13.325,1,1,2.2,27.1,146.4,17.6,12,F,7,5.8,4,0,55,79,99,8,2000
313,248,0.900389476,30.7,13.64285714,1,1,5.8,28.52105263,112.8,17.05714286,1,M,6,6.3,4,0,92,41,39,9,2000
320,181,0.512608633,20.01428571,7.857142857,0,0,20.8,18.22631579,127.2,12.15714286,10,M,6,6.7,2,0,20,87,61,9,2000
321,182,0.53203246,20.01428571,7.857142857,0,0,20.8,18.22631579,127.2,12.15714286,10,F,6,7.7,2,0,20,87,65,9,2000
322,253,0.983090447,28.98571429,12.17142857,1,1,5.8,29.67894737,76.4,16.81428571,1,F,6,6.3,2,1,4,100,108,9,2000
323,252,0.511582219,28.98571429,12.17142857,1,1,5.8,29.67894737,76.4,16.81428571,1,M,6,5.8,2,1,4,100,108,9,2000
324,206,0.739600174,28.5,11.88571429,0,0,10.2,25.68421053,159.6,16.61428571,12,F,6,5.7,2,0,21,87,61,9,2000
325,201,0.473540255,25.25,11.3125,0,0,28.8,23.92631579,171.4,13.9375,11,F,7,6.8,3,0,47,40,96,9,2000
328,270,0.749658381,28.34285714,16.58571429,0,0,21.4,31.32631579,19.2,11.75714286,1,F,6,6.1,3,1,65,91,87,9,2000
329,269,0.90889814,28.34285714,16.58571429,0,0,21.4,31.32631579,19.2,11.75714286,1,M,6,6.8,3,1,65,91,59,9,2000
330,268,1.115003217,28.34285714,16.58571429,0,0,21.4,31.32631579,19.2,11.75714286,1,F,6,7.1,3,1,65,91,87,9,2000
116,271,0.921215314,19.78571429,3.785714286,0,0,3,18.58947368,111.2,16,10,M,6,6,3,0,121,22,31,13,2001
117,307,0.564062775,23.7125,10.775,0,0,2.8,24.44736842,54.8,12.9375,12,M,7,6.2,2,0,137,113,103,11,2001
118,306,0.396852976,22.6125,10.775,0,0,13.6,24.6,54.8,11.8375,12,M,7,7.8,4,0,50,115,98,11,2001
119,310,0.535602615,26.8375,12.625,0,0,0,24.87894737,53.2,14.2125,12,F,7,7.1,4,1,99,116,110,3,2001
120,280,0.762430372,27.27777778,9.1,0,0,0,27.03157895,30,18.17777778,12,F,8,8.2,4,1,165,82,120,13,2001
121,289,0.672791418,28.1625,12.0875,0,0,10,28.40526316,20,16.075,12,M,7,6.8,3,0,30,104,127,13,2001
122,339,0.401171234,26.2,10.6375,0,0,14.2,22.34736842,71.8,15.5625,11,M,7,6.2,3,0,64,68,31,11,2001
123,342,0.582766371,29.42857143,16.05714286,0,0,0,28.84736842,25,13.37142857,1,F,6,5.6,3,1,143,77,129,11,2001
124,274,0.642088065,20.9,5.1375,0,0,6.8,17.82631579,96.6,15.7625,10,M,7,7.6,2,1,164,82,125,13,2001
125,272,0.798052212,19.78571429,3.785714286,0,0,3,18.58947368,111.2,16,10,F,6,5.5,3,0,121,22,31,13,2001
126,303,0.89819305,22.6125,10.775,0,0,13.6,24.6,54.8,11.8375,12,M,7,5.8,3,0,56,79,99,3,2001
127,338,0.628322694,26.2,10.6375,0,0,14.2,22.34736842,71.8,15.5625,11,M,7,7.1,3,0,64,68,31,12,2001
128,323,0.634204308,21.93333333,8.9,0,0,38.4,19.95789474,65,13.03333333,11,M,8,7.8,2,1,77,106,109,12,2001
129,277,0.813870296,27.1,9.55,0,0,0,26.90526316,60.4,17.55,12,F,7,7.7,3,0,70,114,126,12,2001
130,324,0.641440035,21.7125,8.7625,0,0,40.6,20.06315789,47.6,12.95,11,M,7,5.8,3,0,49,115,98,12,2001
131,315,0.276891297,30.45,13.025,0,0,0,25.18947368,60.4,17.425,12,M,7,6.6,3,0,115,66,103,12,2001
132,325,0.643517691,19.66666667,7.355555556,0,0,40.6,21.39473684,47.6,12.31111111,11,M,8,7,3,1,159,112,37,12,2001
133,292,0.930088679,27.6875,11.025,0,0,12,27.78947368,17.2,16.6625,1,M,7,7.8,3,0,112,42,104,12,2001
134,288,0.601762799,28.1625,12.0875,0,0,10,28.40526316,20,16.075,12,M,7,6.3,3,0,30,104,127,12,2001
135,316,0.262652876,30.45,13.025,0,0,0,25.18947368,60.4,17.425,12,F,7,6.5,3,0,115,66,103,12,2001
136,340,0.358721416,26.2,10.6375,0,0,14.2,22.34736842,71.8,15.5625,11,F,7,6.8,3,0,64,68,31,12,2001
138,284,0.93820732,28.825,11.1875,0,0,0,28.12105263,22,17.6375,12,M,7,7,4,1,62,81,134,4,2001
139,320,0.510772124,22.1875,8.8625,0,0,35.8,19.7,89.8,13.325,11,M,7,6.7,3,0,66,86,142,4,2001
141,301,0.889652766,24.4625,10.8125,0,0,15,24.34736842,54.6,13.65,12,M,7,6.4,4,0,19,55,134,4,2001
142,297,0.849667456,29.22222222,14.11111111,0,0,16.4,28.27368421,27.2,15.11111111,1,F,8,8.4,3,1,172,98,137,4,2001
145,317,0.81387194,29.63333333,13.28888889,0,0,0,25.18947368,60.4,16.34444444,12,F,8,7.9,3,0,33,102,100,4,2001
147,321,0.609432181,22.1875,8.8625,0,0,35.8,19.7,89.8,13.325,11,F,7,7.5,3,0,66,86,136,4,2001
148,327,0.753593943,20.98888889,7.344444444,0,0,2.8,20.38421053,47.6,13.64444444,11,F,8,7.2,3,1,152,105,143,4,2001
150,302,0.39263462,23.6625,11.1625,0,0,15,24.85263158,54.6,12.5,12,F,7,6.5,3,0,67,86,142,4,2001
151,293,0.710828913,27.6875,11.025,0,0,12,27.78947368,17.2,16.6625,1,F,7,6.7,3,0,162,101,100,2,2001
152,341,0.552736165,26.2,10.6375,0,0,14.2,22.34736842,71.8,15.5625,11,M,7,7.3,3,1,149,70,145,4,2001
154,300,0.534890499,24.4625,10.8125,0,0,15,24.34736842,54.6,13.65,12,M,7,6.8,4,0,19,55,134,2,2001
155,285,0.629795592,28.825,11.1875,0,0,0,28.12105263,22,17.6375,12,F,7,5.6,4,1,62,81,134,2,2001
159,298,0.745833066,29.22222222,14.11111111,0,0,16.4,28.27368421,27.2,15.11111111,1,M,8,8.6,3,1,172,98,137,2,2001
162,286,0.779430272,28.825,11.1875,0,0,0,28.12105263,22,17.6375,12,M,7,6.6,4,1,62,81,134,2,2001
163,326,0.464178441,20.98888889,7.344444444,0,0,2.8,20.38421053,47.6,13.64444444,11,F,8,6.7,3,1,152,105,143,4,2001
279,287,0.536036404,28.825,11.1875,0,0,0,28.12105263,22,17.6375,12,M,7,7.3,4,1,62,81,110,8,2001
280,279,0.67834312,27.1,9.55,0,0,0,26.90526316,60.4,17.55,12,F,7,7.6,3,0,70,114,126,8,2001
281,276,0.920349754,27.1,9.55,0,0,0,26.90526316,60.4,17.55,12,F,7,8.3,3,0,70,114,126,8,2001
282,278,0.791002022,27.1,9.55,0,0,0,26.90526316,60.4,17.55,12,M,7,4.4,3,0,70,114,111,8,2001
283,290,0.379932932,28.1625,12.0875,0,0,10,28.40526316,20,16.075,12,F,7,6.4,2,1,91,25,28,8,2001
289,281,0.344310223,27.27777778,9.1,0,0,0,27.03157895,30,18.17777778,12,M,8,7.7,4,1,165,82,107,8,2001
290,318,0.571162048,27.55,10.925,0,0,0.2,26.18947368,60.4,16.625,12,F,7,8,3,0,8,107,122,8,2001
291,304,0.576328504,22.6125,10.775,0,0,13.6,24.6,54.8,11.8375,12,F,7,7.1,4,0,50,115,98,8,2001
292,305,0.411984048,22.6125,10.775,0,0,13.6,24.6,54.8,11.8375,12,M,7,7.9,4,0,50,115,132,8,2001
293,319,0.603896373,19.85,7.25,0,0,0.2,18.67368421,93,12.6,10,F,7,6.9,3,0,76,88,128,8,2001
294,311,0.317760291,26.8375,12.625,0,0,0,24.87894737,53.2,14.2125,12,M,7,7.3,4,1,99,116,110,8,2001
295,291,0.289981797,30.5,11.7,0,0,10,28.01052632,20,18.8,1,F,7,6.7,3,0,123,22,117,8,2001
296,308,1.002065437,23.7125,10.775,0,0,2.8,24.44736842,54.8,12.9375,12,F,7,6.9,2,0,137,113,133,9,2001
297,336,0.441374386,24.4125,8.65,0,0,2,21.16315789,86.2,15.7625,11,F,7,7.2,3,0,16,76,125,7,2001
298,322,0.788317916,21.93333333,8.9,0,0,38.4,19.95789474,65,13.03333333,11,F,8,7.7,2,1,77,106,126,7,2001
299,343,0.845660791,26.02857143,16.78571429,0,0,31,29.37368421,22.2,9.242857143,1,M,6,6.3,3,1,153,105,77,7,2001
314,273,0.802896538,19.78571429,3.785714286,0,0,3,18.58947368,111.2,16,10,F,6,5.9,3,0,121,22,31,9,2001
315,275,0.68668825,21.57777778,6.522222222,0,0,6.4,17.79473684,98.4,15.05555556,10,M,8,7.9,3,1,127,67,59,9,2001
316,314,0.735956567,30.45,13.025,0,0,0,25.18947368,60.4,17.425,12,M,7,7,3,0,115,66,89,9,2001
317,309,0.560814924,24.16666667,11.2,0,0,2.8,24.47368421,52.2,12.96666667,12,M,8,6.4,3,0,122,22,99,9,2001
318,313,0.43094013,29.55,13.375,0,0,0,25.08947368,58.8,16.175,12,M,7,7.5,3,1,171,98,69,9,2001
319,312,0.772042642,29.55,13.375,0,0,0,25.08947368,58.8,16.175,12,F,7,6.8,3,1,171,98,69,9,2001
326,283,0.714211344,29.15555556,10.86666667,0,0,0,28.12105263,22,18.28888889,12,M,8,8.2,3,1,23,87,95,9,2001
327,282,0.421522217,29.15555556,10.86666667,0,0,0,28.12105263,22,18.28888889,12,F,8,8.1,3,1,23,87,95,9,2001
331,299,0.413067697,30.1875,15.025,0,0,4.4,28.00526316,25.2,15.1625,1,F,7,6.9,3,0,5,100,116,9,2001
332,328,0.337968588,21.4,7.875,0,0,2.8,20.38421053,47.6,13.525,11,F,7,6,3,1,22,87,87,9,2001
333,329,0.47009548,21.4,7.875,0,0,2.8,20.38421053,47.6,13.525,11,F,7,5.4,3,1,22,87,83,9,2001
334,330,0.57201872,21.4,7.875,0,0,2.8,20.38421053,47.6,13.525,11,M,7,6.3,3,1,22,87,83,9,2001
335,333,0.716450441,22.65,7.0875,0,0,2.4,21.47368421,86.2,15.5625,11,F,7,7.8,3,0,48,40,130,9,2001
336,334,0.909108585,22.65,7.0875,0,0,2.4,21.47368421,86.2,15.5625,11,F,7,7,3,0,48,40,37,9,2001
337,335,0.671462892,22.65,7.0875,0,0,2.4,21.47368421,86.2,15.5625,11,M,7,7.4,3,0,48,40,37,9,2001
338,331,0.780589638,22.45,8.8875,0,0,2.8,20.25263158,77.8,13.5625,11,F,7,5.7,3,0,95,95,102,9,2001
339,332,0.793642232,22.45,8.8875,0,0,2.8,20.25263158,77.8,13.5625,11,F,7,5.2,3,0,95,95,102,9,2001
340,337,0.525853534,25.8375,9.6125,0,0,2,21.22105263,71,16.225,11,F,7,7.3,3,1,103,78,80,9,2001
341,295,0.515543055,29.21428571,13.31428571,0,0,12,28.56842105,27.2,15.9,1,F,6,5.6,3,0,88,117,131,9,2001
342,296,0.63553223,29.21428571,13.31428571,0,0,12,28.56842105,27.2,15.9,1,F,6,6.2,3,0,88,117,97,9,2001
343,294,0.331392068,29.21428571,13.31428571,0,0,12,28.56842105,27.2,15.9,1,F,6,5.5,3,0,88,117,131,9,2001